record_type,id,lat,lng,street,suite,city,zipcode,country,geo_id,name,catchphrase,business_focus,employee_count,founded_year,username,email,phone,website,address_id,company_id,status,role,plan,joined_date,post_count,follower_count,slug,description,color,usage_count,author_id,category_id,title,excerpt,word_count,visibility,view_count,like_count,comment_count,created_at,updated_at,tag_ids,author_email,author_name,content,sentiment,reply_to,engagement_rate,bounce_rate,hourly_views,daily_likes
geolocation,geo-001,-37.3159,81.1496,,,,,,,,,,,,,,,,,,,,,,,,,,,,,,,,,,,,,,,,,,,,,
geolocation,geo-002,-43.9509,-34.4618,,,,,,,,,,,,,,,,,,,,,,,,,,,,,,,,,,,,,,,,,,,,,
geolocation,geo-003,-68.6102,-47.0653,,,,,,,,,,,,,,,,,,,,,,,,,,,,,,,,,,,,,,,,,,,,,
geolocation,geo-004,29.4572,-164.2990,,,,,,,,,,,,,,,,,,,,,,,,,,,,,,,,,,,,,,,,,,,,,
geolocation,geo-005,-31.8129,62.5342,,,,,,,,,,,,,,,,,,,,,,,,,,,,,,,,,,,,,,,,,,,,,
geolocation,geo-006,-71.4197,71.7478,,,,,,,,,,,,,,,,,,,,,,,,,,,,,,,,,,,,,,,,,,,,,
geolocation,geo-007,24.8918,21.8984,,,,,,,,,,,,,,,,,,,,,,,,,,,,,,,,,,,,,,,,,,,,,
geolocation,geo-008,-14.3990,-120.7677,,,,,,,,,,,,,,,,,,,,,,,,,,,,,,,,,,,,,,,,,,,,,
geolocation,geo-009,24.6463,-168.8889,,,,,,,,,,,,,,,,,,,,,,,,,,,,,,,,,,,,,,,,,,,,,
geolocation,geo-010,-38.2386,57.2232,,,,,,,,,,,,,,,,,,,,,,,,,,,,,,,,,,,,,,,,,,,,,
address,addr-001,,,Kulas Light,Apt. 556,Gwenborough,92998-3874,USA,geo-001,,,,,,,,,,,,,,,,,,,,,,,,,,,,,,,,,,,,,,,,
address,addr-002,,,Victor Plains,Suite 879,Wisokyburgh,90566-7771,USA,geo-002,,,,,,,,,,,,,,,,,,,,,,,,,,,,,,,,,,,,,,,,
address,addr-003,,,Douglas Extension,Suite 847,McKenziehaven,59590-4157,USA,geo-003,,,,,,,,,,,,,,,,,,,,,,,,,,,,,,,,,,,,,,,,
address,addr-004,,,Hoeger Mall,Apt. 692,South Elvis,53919-4257,USA,geo-004,,,,,,,,,,,,,,,,,,,,,,,,,,,,,,,,,,,,,,,,
address,addr-005,,,Skiles Walks,Suite 351,Roscoeview,33263,USA,geo-005,,,,,,,,,,,,,,,,,,,,,,,,,,,,,,,,,,,,,,,,
address,addr-006,,,Norberto Crossing,Apt. 950,South Christy,23505-1337,USA,geo-006,,,,,,,,,,,,,,,,,,,,,,,,,,,,,,,,,,,,,,,,
address,addr-007,,,Rex Trail,Suite 280,Howemouth,58804-1099,USA,geo-007,,,,,,,,,,,,,,,,,,,,,,,,,,,,,,,,,,,,,,,,
address,addr-008,,,Ellsworth Summit,Suite 729,Aliyaview,45169,USA,geo-008,,,,,,,,,,,,,,,,,,,,,,,,,,,,,,,,,,,,,,,,
address,addr-009,,,Dayna Park,Suite 449,Bartholomebury,76495-3109,USA,geo-009,,,,,,,,,,,,,,,,,,,,,,,,,,,,,,,,,,,,,,,,
address,addr-010,,,Kattie Turnpike,Suite 198,Lebsackbury,31428-2261,USA,geo-010,,,,,,,,,,,,,,,,,,,,,,,,,,,,,,,,,,,,,,,,
company,comp-001,,,,,,,,,Romaguera-Crona,Multi-layered client-server neural-net,harness real-time e-markets,847,2008,,,,,,,,,,,,,,,,,,,,,,,,,,,,,,,,,,,,
company,comp-002,,,,,,,,,Deckow-Crist,Proactive didactic contingency,synergize scalable supply-chains,234,2012,,,,,,,,,,,,,,,,,,,,,,,,,,,,,,,,,,,,
company,comp-003,,,,,,,,,Romaguera-Jacobson,Face to face bifurcated interface,e-enable strategic applications,512,2005,,,,,,,,,,,,,,,,,,,,,,,,,,,,,,,,,,,,
company,comp-004,,,,,,,,,Robel-Corkery,Multi-tiered zero tolerance productivity,transition cutting-edge web services,1203,2001,,,,,,,,,,,,,,,,,,,,,,,,,,,,,,,,,,,,
company,comp-005,,,,,,,,,Keebler LLC,User-centric fault-tolerant solution,revolutionize end-to-end systems,89,2015,,,,,,,,,,,,,,,,,,,,,,,,,,,,,,,,,,,,
company,comp-006,,,,,,,,,Considine-Lockman,Synchronised bottom-line interface,e-enable innovative applications,456,2009,,,,,,,,,,,,,,,,,,,,,,,,,,,,,,,,,,,,
company,comp-007,,,,,,,,,Johns Group,Configurable multimedia task-force,generate enterprise e-tailers,178,2014,,,,,,,,,,,,,,,,,,,,,,,,,,,,,,,,,,,,
company,comp-008,,,,,,,,,Abernathy Group,Implemented secondary concept,e-enable extensible e-tailers,623,2007,,,,,,,,,,,,,,,,,,,,,,,,,,,,,,,,,,,,
company,comp-009,,,,,,,,,Yost and Sons,Switchable contextually-based project,aggregate real-time technologies,341,2011,,,,,,,,,,,,,,,,,,,,,,,,,,,,,,,,,,,,
company,comp-010,,,,,,,,,Hoeger LLC,Centralized empowering task-force,target end-to-end models,95,2016,,,,,,,,,,,,,,,,,,,,,,,,,,,,,,,,,,,,
user,u-001,,,,,,,,,Leanne Graham,,,,,Bret,Sincere@april.biz,1-770-736-8031 x56442,hildegard.org,addr-001,comp-001,active,administrator,enterprise,2019-03-15,10,4521,,,,,,,,,,,,,,,,,,,,,,,,,
user,u-002,,,,,,,,,Ervin Howell,,,,,Antonette,Shanna@melissa.tv,010-692-6593 x09125,anastasia.net,addr-002,comp-002,active,author,professional,2020-06-22,10,2134,,,,,,,,,,,,,,,,,,,,,,,,,
user,u-003,,,,,,,,,Clementine Bauch,,,,,Samantha,Nathan@yesenia.net,1-463-123-4447,ramiro.info,addr-003,comp-003,active,author,professional,2020-01-08,10,1876,,,,,,,,,,,,,,,,,,,,,,,,,
user,u-004,,,,,,,,,Patricia Lebsack,,,,,Karianne,Julianne.OConner@kory.org,493-170-9623 x156,kale.biz,addr-004,comp-004,active,moderator,enterprise,2018-11-30,10,5632,,,,,,,,,,,,,,,,,,,,,,,,,
user,u-005,,,,,,,,,Chelsey Dietrich,,,,,Kamren,Lucio_Hettinger@annie.ca,(254)954-1289,demarco.info,addr-005,comp-005,active,author,free_tier,2021-04-17,10,892,,,,,,,,,,,,,,,,,,,,,,,,,
user,u-006,,,,,,,,,Mrs. Dennis Schulist,,,,,Leopoldo_Corkery,Karley_Dach@jasper.info,1-477-935-8478 x6430,ola.org,addr-006,comp-006,pending,author,professional,2021-08-05,10,1245,,,,,,,,,,,,,,,,,,,,,,,,,
user,u-007,,,,,,,,,Kurtis Weissnat,,,,,Elwyn.Skiles,Telly.Hoeger@billy.biz,210.067.6132,elvis.io,addr-007,comp-007,active,author,free_tier,2022-02-14,10,567,,,,,,,,,,,,,,,,,,,,,,,,,
user,u-008,,,,,,,,,Nicholas Runolfsdottir V,,,,,Maxime_Nienow,Sherwood@rosamond.me,586.493.6943 x140,jacynthe.com,addr-008,comp-008,suspended,reader,free_tier,2020-09-28,10,234,,,,,,,,,,,,,,,,,,,,,,,,,
user,u-009,,,,,,,,,Glenna Reichert,,,,,Delphine,Chaim_McDermott@dana.io,(775)976-6794 x41206,conrad.com,addr-009,comp-009,active,author,professional,2019-12-03,10,3421,,,,,,,,,,,,,,,,,,,,,,,,,
user,u-010,,,,,,,,,Clementina DuBuque,,,,,Moriah.Stanton,Rey.Padberg@karina.biz,024-648-3804,ambrose.net,addr-010,comp-010,active,author,free_tier,2022-07-19,10,445,,,,,,,,,,,,,,,,,,,,,,,,,
category,cat-001,,,,,,,,,Technology,,,,,,,,,,,,,,,,35,technology,Posts about software and hardware,3498db,,,,,,,,,,,,,,,,,,,,,,,,,
category,cat-002,,,,,,,,,Business,,,,,,,,,,,,,,,,28,business,Corporate and entrepreneurship topics,2ecc71,,,,,,,,,,,,,,,,,,,,,,,,,
category,cat-003,,,,,,,,,Lifestyle,,,,,,,,,,,,,,,,22,lifestyle,Personal development and daily life,e74c3c,,,,,,,,,,,,,,,,,,,,,,,,,
category,cat-004,,,,,,,,,Science,,,,,,,,,,,,,,,,15,science,Scientific discoveries and research,9b59b6,,,,,,,,,,,,,,,,,,,,,,,,,
tag,tag-001,,,,,,,,,javascript,,,,,,,,,,,,,,,,,javascript,,45,,,,,,,,,,,,,,,,,,,,,,,,,
tag,tag-002,,,,,,,,,python,,,,,,,,,,,,,,,,,python,,38,,,,,,,,,,,,,,,,,,,,,,,,,
tag,tag-003,,,,,,,,,startup,,,,,,,,,,,,,,,,,startup,,29,,,,,,,,,,,,,,,,,,,,,,,,,
tag,tag-004,,,,,,,,,productivity,,,,,,,,,,,,,,,,,productivity,,52,,,,,,,,,,,,,,,,,,,,,,,,,
tag,tag-005,,,,,,,,,ai,,,,,,,,,,,,,,,,,artificial-intelligence,,67,,,,,,,,,,,,,,,,,,,,,,,,,
tag,tag-006,,,,,,,,,remote-work,,,,,,,,,,,,,,,,,remote-work,,41,,,,,,,,,,,,,,,,,,,,,,,,,
tag,tag-007,,,,,,,,,climate,,,,,,,,,,,,,,,,,climate-change,,23,,,,,,,,,,,,,,,,,,,,,,,,,
tag,tag-008,,,,,,,,,health,,,,,,,,,,,,,,,,,health-wellness,,35,,,,,,,,,,,,,,,,,,,,,,,,,
post,p-001,,,,,,,,,,,,,,,,,,u-001,cat-001,published,,,,,,sunt-aut-facere,,,,,sunt aut facere repellat provident occaecati excepturi optio reprehenderit,quia et suscipit suscipit recusandae consequuntur expedita,156,public,4521,234,5,2023-01-15T10:30:00Z,2023-01-15T10:30:00Z,tag-001|tag-005,,,,,,,,,
post,p-002,,,,,,,,,,,,,,,,,,u-001,cat-001,published,,,,,,qui-est-esse,,,,,qui est esse,est rerum tempore vitae sequi sint nihil reprehenderit,203,public,3892,187,5,2023-01-18T14:22:00Z,2023-01-19T09:15:00Z,tag-002|tag-004,,,,,,,,,
post,p-003,,,,,,,,,,,,,,,,,,u-001,cat-002,published,,,,,,ea-molestias-quasi,,,,,ea molestias quasi exercitationem repellat qui ipsa sit aut,et iusto sed quo iure voluptatem occaecati omnis eligendi,178,public,2156,98,5,2023-01-22T08:45:00Z,2023-01-22T08:45:00Z,tag-003,,,,,,,,,
post,p-004,,,,,,,,,,,,,,,,,,u-001,cat-001,draft,,,,,,eum-et-est,,,,,eum et est occaecati,ullam et saepe reiciendis voluptatem adipisci sit amet,145,private,0,0,0,2023-01-25T16:10:00Z,2023-01-25T16:10:00Z,tag-001,,,,,,,,,
post,p-005,,,,,,,,,,,,,,,,,,u-001,cat-003,published,,,,,,nesciunt-quas,,,,,nesciunt quas odio,repudiandae veniam quaerat sunt sed alias aut fugiat,167,public,5678,312,5,2023-01-28T11:30:00Z,2023-01-29T14:20:00Z,tag-004|tag-006,,,,,,,,,
post,p-006,,,,,,,,,,,,,,,,,,u-001,cat-002,published,,,,,,dolorem-eum-magni,,,,,dolorem eum magni eos aperiam quia,ut aspernatur corporis harum nihil quis provident sequi,189,unlisted,1234,67,5,2023-02-01T09:00:00Z,2023-02-01T09:00:00Z,tag-003|tag-005,,,,,,,,,
post,p-007,,,,,,,,,,,,,,,,,,u-001,cat-001,published,,,,,,magnam-facilis,,,,,magnam facilis autem,dolore placeat quibusdam ea quo vitae magni quis enim,134,public,2987,145,5,2023-02-04T13:45:00Z,2023-02-04T13:45:00Z,tag-002,,,,,,,,,
post,p-008,,,,,,,,,,,,,,,,,,u-001,cat-003,published,,,,,,dolorem-dolore,,,,,dolorem dolore est ipsam,dignissimos aperiam dolorem qui eum facilis quibusdam,212,public,4123,198,5,2023-02-07T10:15:00Z,2023-02-08T11:30:00Z,tag-004|tag-008,,,,,,,,,
post,p-009,,,,,,,,,,,,,,,,,,u-001,cat-004,archived,,,,,,nesciunt-iure,,,,,nesciunt iure omnis dolorem tempora et accusantium,consectetur animi nesciunt iure dolore enim quia ad,176,public,8934,456,5,2023-02-10T15:30:00Z,2023-02-10T15:30:00Z,tag-005|tag-007,,,,,,,,,
post,p-010,,,,,,,,,,,,,,,,,,u-001,cat-001,published,,,,,,optio-molestias,,,,,optio molestias id quia eum,quo et expedita modi cum officia vel magni,198,public,3456,178,5,2023-02-13T08:00:00Z,2023-02-13T08:00:00Z,tag-001|tag-002,,,,,,,,,
post,p-011,,,,,,,,,,,,,,,,,,u-002,cat-002,published,,,,,,et-ea-vero,,,,,et ea vero quia laudantium autem,delectus reiciendis molestiae occaecati non minima eveniet,223,public,2876,134,5,2023-02-16T11:20:00Z,2023-02-16T11:20:00Z,tag-003|tag-006,,,,,,,,,
post,p-012,,,,,,,,,,,,,,,,,,u-002,cat-001,published,,,,,,in-quibusdam,,,,,in quibusdam tempore odit est dolorem,itaque id aut magnam praesentium quia et ea odit,187,public,1923,89,5,2023-02-19T14:00:00Z,2023-02-19T14:00:00Z,tag-001|tag-005,,,,,,,,,
post,p-013,,,,,,,,,,,,,,,,,,u-002,cat-003,published,,,,,,dolorum-ut-in,,,,,dolorum ut in voluptas mollitia et saepe quo animi,aut dicta possimus sint mollitia voluptas commodi,245,public,4567,234,5,2023-02-22T09:30:00Z,2023-02-23T10:45:00Z,tag-004,,,,,,,,,
post,p-014,,,,,,,,,,,,,,,,,,u-002,cat-002,draft,,,,,,voluptatem-eligendi,,,,,voluptatem eligendi optio,fuga et accusamus dolorum perferendis illo voluptas,156,private,0,0,0,2023-02-25T16:45:00Z,2023-02-25T16:45:00Z,tag-003,,,,,,,,,
post,p-015,,,,,,,,,,,,,,,,,,u-002,cat-004,published,,,,,,eveniet-quod,,,,,eveniet quod temporibus,reprehenderit quos placeat velit minima officia dolores,178,public,3234,156,5,2023-02-28T12:15:00Z,2023-02-28T12:15:00Z,tag-007|tag-005,,,,,,,,,
post,p-016,,,,,,,,,,,,,,,,,,u-002,cat-001,published,,,,,,sint-suscipit,,,,,sint suscipit perspiciatis velit dolorum rerum ipsa laboriosam odio,suscipit nam nisi quo aperiam aut asperiores eos fugit,267,public,5678,289,5,2023-03-03T08:45:00Z,2023-03-03T08:45:00Z,tag-002|tag-001,,,,,,,,,
post,p-017,,,,,,,,,,,,,,,,,,u-002,cat-003,published,,,,,,fugit-voluptas,,,,,fugit voluptas sed molestias voluptatem provident,eos voluptas et aut odit natus earum aspernatur,189,unlisted,1567,78,5,2023-03-06T13:30:00Z,2023-03-06T13:30:00Z,tag-006|tag-008,,,,,,,,,
post,p-018,,,,,,,,,,,,,,,,,,u-002,cat-002,published,,,,,,voluptate-et,,,,,voluptate et itaque vero tempora molestiae,eveniet quo quis laborum totam consequatur non dolor,145,public,2345,112,5,2023-03-09T10:00:00Z,2023-03-10T09:20:00Z,tag-003,,,,,,,,,
post,p-019,,,,,,,,,,,,,,,,,,u-002,cat-001,published,,,,,,adipisci-placeat,,,,,adipisci placeat illum aut reiciendis qui,illum quis cupiditate provident sit magnam ea sed aut,201,public,4123,198,5,2023-03-12T15:15:00Z,2023-03-12T15:15:00Z,tag-005,,,,,,,,,
post,p-020,,,,,,,,,,,,,,,,,,u-002,cat-004,published,,,,,,doloribus-ad,,,,,doloribus ad provident suscipit at,qui consequuntur ducimus possimus quisquam amet similique,167,public,2987,145,5,2023-03-15T11:45:00Z,2023-03-15T11:45:00Z,tag-007,,,,,,,,,
post,p-021,,,,,,,,,,,,,,,,,,u-003,cat-003,published,,,,,,asperiores-ea,,,,,asperiores ea ipsam voluptatibus modi minima quia sint,repellat aliquid praesentium dolorem quo sed totam minus,234,public,3567,178,5,2023-03-18T09:00:00Z,2023-03-18T09:00:00Z,tag-004|tag-006,,,,,,,,,
post,p-022,,,,,,,,,,,,,,,,,,u-003,cat-001,published,,,,,,dolor-sint-quo,,,,,dolor sint quo a velit explicabo quia nam,eos qui et ipsum ipsam suscipit aut sed omnis non,189,public,2456,123,5,2023-03-21T14:30:00Z,2023-03-21T14:30:00Z,tag-001|tag-002,,,,,,,,,
post,p-023,,,,,,,,,,,,,,,,,,u-003,cat-002,published,,,,,,maxime-id-vitae,,,,,maxime id vitae nihil numquam,veritatis unde neque eligendi quae quod architecto quo,156,public,1876,89,5,2023-03-24T10:15:00Z,2023-03-25T11:00:00Z,tag-003,,,,,,,,,
post,p-024,,,,,,,,,,,,,,,,,,u-003,cat-003,draft,,,,,,autem-hic-labore,,,,,autem hic labore sunt dolores incidunt,enim et ex nulla omnis voluptas quia qui,178,private,0,0,0,2023-03-27T16:00:00Z,2023-03-27T16:00:00Z,tag-008,,,,,,,,,
post,p-025,,,,,,,,,,,,,,,,,,u-003,cat-004,published,,,,,,rem-alias,,,,,rem alias distinctio quo quis,ullam consequatur ut omnis quis sit vel consequuntur,145,public,4234,212,5,2023-03-30T12:30:00Z,2023-03-30T12:30:00Z,tag-005|tag-007,,,,,,,,,
post,p-026,,,,,,,,,,,,,,,,,,u-003,cat-001,published,,,,,,est-et-quae,,,,,est et quae odit qui non,similique esse doloribus nihil accusamus omnis dolorem,212,public,3123,156,5,2023-04-02T08:00:00Z,2023-04-02T08:00:00Z,tag-001,,,,,,,,,
post,p-027,,,,,,,,,,,,,,,,,,u-003,cat-002,published,,,,,,quasi-id-et,,,,,quasi id et eos tenetur aut quo autem,eum sed dolores ipsam sint possimus debitis occaecati,198,unlisted,1234,67,5,2023-04-05T13:45:00Z,2023-04-05T13:45:00Z,tag-003|tag-006,,,,,,,,,
post,p-028,,,,,,,,,,,,,,,,,,u-003,cat-003,published,,,,,,delectus-ullam,,,,,delectus ullam et corporis nulla voluptas sequi,non et quaerat ex quae ad maiores maiores recusandae,167,public,2678,134,5,2023-04-08T10:30:00Z,2023-04-09T09:15:00Z,tag-004,,,,,,,,,
post,p-029,,,,,,,,,,,,,,,,,,u-003,cat-001,published,,,,,,iusto-eius-quod,,,,,iusto eius quod necessitatibus culpa ea,odit magnam ut saepe sed non qui tempora atque,189,public,3567,178,5,2023-04-11T15:00:00Z,2023-04-11T15:00:00Z,tag-002|tag-005,,,,,,,,,
post,p-030,,,,,,,,,,,,,,,,,,u-003,cat-004,published,,,,,,a-quo-magni,,,,,a quo magni similique perferendis,alias dolor cumque impedit blanditiis non eveniet odio,134,public,2123,98,5,2023-04-14T11:15:00Z,2023-04-14T11:15:00Z,tag-007,,,,,,,,,
post,p-031,,,,,,,,,,,,,,,,,,u-004,cat-002,published,,,,,,ullam-ut-quidem,,,,,ullam ut quidem id aut vel consequuntur,debitis eius sed quibusdam non quis consectetur vitae,223,public,4567,234,5,2023-04-17T09:30:00Z,2023-04-17T09:30:00Z,tag-003,,,,,,,,,
post,p-032,,,,,,,,,,,,,,,,,,u-004,cat-001,published,,,,,,doloremque-illum,,,,,doloremque illum aliquid sunt,deserunt eos nobis asperiores et hic est debitis,178,public,3234,167,5,2023-04-20T14:00:00Z,2023-04-20T14:00:00Z,tag-001|tag-002,,,,,,,,,
post,p-033,,,,,,,,,,,,,,,,,,u-004,cat-003,published,,,,,,qui-explicabo,,,,,qui explicabo molestiae dolorem,rerum ut et numquam laborum odit est sit id qui sint,156,public,2456,123,5,2023-04-23T10:45:00Z,2023-04-24T11:30:00Z,tag-006|tag-008,,,,,,,,,
post,p-034,,,,,,,,,,,,,,,,,,u-004,cat-002,published,,,,,,magnam-ut-rerum,,,,,magnam ut rerum iure,ea velit perferendis earum ut voluptatem voluptate,201,public,1987,89,5,2023-04-26T16:15:00Z,2023-04-26T16:15:00Z,tag-003,,,,,,,,,
post,p-035,,,,,,,,,,,,,,,,,,u-004,cat-004,draft,,,,,,id-nihil,,,,,id nihil consequatur molestias animi provident,nisi error delectus possimus ut eligendi vitae placeat,189,private,0,0,0,2023-04-29T12:00:00Z,2023-04-29T12:00:00Z,tag-005|tag-007,,,,,,,,,
post,p-036,,,,,,,,,,,,,,,,,,u-004,cat-001,published,,,,,,fuga-nam,,,,,fuga nam accusamus voluptas reiciendis itaque,ad mollitia et omnis minus architecto odit voluptas,234,public,5234,267,5,2023-05-02T08:30:00Z,2023-05-02T08:30:00Z,tag-001,,,,,,,,,
post,p-037,,,,,,,,,,,,,,,,,,u-004,cat-003,published,,,,,,provident-vel,,,,,provident vel ut sit ratione est,debitis et eaque non officia sed nesciunt pariatur vel,167,public,2876,145,5,2023-05-05T13:15:00Z,2023-05-05T13:15:00Z,tag-004,,,,,,,,,
post,p-038,,,,,,,,,,,,,,,,,,u-004,cat-002,published,,,,,,explicabo-et-eos,,,,,explicabo et eos deleniti nostrum ab id repellendus,animi esse sit aut sit nesciunt assumenda eum,212,unlisted,1456,78,5,2023-05-08T10:00:00Z,2023-05-09T09:45:00Z,tag-003|tag-006,,,,,,,,,
post,p-039,,,,,,,,,,,,,,,,,,u-004,cat-001,published,,,,,,eos-dolorem,,,,,eos dolorem iste accusantium est eaque quam,corporis rerum ducimus vel eum accusantium maxime,145,public,3789,189,5,2023-05-11T15:30:00Z,2023-05-11T15:30:00Z,tag-002|tag-005,,,,,,,,,
post,p-040,,,,,,,,,,,,,,,,,,u-004,cat-004,published,,,,,,enim-quo,,,,,enim quo cumque,ut voluptatum aliquid illo tenetur nemo sequi quo facilis,178,public,2345,112,5,2023-05-14T11:00:00Z,2023-05-14T11:00:00Z,tag-007,,,,,,,,,
post,p-041,,,,,,,,,,,,,,,,,,u-005,cat-003,published,,,,,,non-est-facere,,,,,non est facere,molestias id nostrum excepturi molestiae dolore omnis,189,public,4123,198,5,2023-05-17T09:45:00Z,2023-05-17T09:45:00Z,tag-004|tag-008,,,,,,,,,
post,p-042,,,,,,,,,,,,,,,,,,u-005,cat-001,published,,,,,,commodi-ullam,,,,,commodi ullam sint et excepturi error explicabo praesentium voluptas,odio fugit voluptatum ducimus earum autem est,267,public,3567,178,5,2023-05-20T14:30:00Z,2023-05-20T14:30:00Z,tag-001|tag-002,,,,,,,,,
post,p-043,,,,,,,,,,,,,,,,,,u-005,cat-002,published,,,,,,eligendi-iste,,,,,eligendi iste nostrum consequuntur adipisci praesentium sit beatae,similique fugit est illum et dolorum harum et voluptate,234,public,2678,134,5,2023-05-23T10:15:00Z,2023-05-24T11:00:00Z,tag-003,,,,,,,,,
post,p-044,,,,,,,,,,,,,,,,,,u-005,cat-003,draft,,,,,,optio-dolor,,,,,optio dolor molestias sit,temporibus est consectetur dolore et libero debitis vel,156,private,0,0,0,2023-05-26T16:45:00Z,2023-05-26T16:45:00Z,tag-006,,,,,,,,,
post,p-045,,,,,,,,,,,,,,,,,,u-005,cat-004,published,,,,,,ut-numquam,,,,,ut numquam possimus omnis eius suscipit laudantium iure,est natus reiciendis nihil possimus aut provident ex,178,public,3234,156,5,2023-05-29T12:30:00Z,2023-05-29T12:30:00Z,tag-005|tag-007,,,,,,,,,
post,p-046,,,,,,,,,,,,,,,,,,u-005,cat-001,published,,,,,,aut-quo-modi,,,,,aut quo modi neque nostrum ducimus,voluptatem quisquam iste voluptatibus natus officiis facilis,145,public,2456,123,5,2023-06-01T08:00:00Z,2023-06-01T08:00:00Z,tag-001,,,,,,,,,
post,p-047,,,,,,,,,,,,,,,,,,u-005,cat-002,published,,,,,,quibusdam-cumque,,,,,quibusdam cumque rem aut deserunt,voluptatem assumenda ut qui ut cupiditate aut impedit,201,public,1876,89,5,2023-06-04T13:45:00Z,2023-06-04T13:45:00Z,tag-003|tag-004,,,,,,,,,
post,p-048,,,,,,,,,,,,,,,,,,u-005,cat-003,published,,,,,,ut-voluptatem,,,,,ut voluptatem illum ea doloribus itaque eos,voluptates quo voluptatem facilis iure occaecati vel assumenda,189,unlisted,1234,67,5,2023-06-07T10:30:00Z,2023-06-08T09:15:00Z,tag-008,,,,,,,,,
post,p-049,,,,,,,,,,,,,,,,,,u-005,cat-001,published,,,,,,laborum-non,,,,,laborum non sunt aut ut assumenda perspiciatis voluptas,inventore ab sint natus fugit id nulla sequi,223,public,4789,245,5,2023-06-10T15:15:00Z,2023-06-10T15:15:00Z,tag-002|tag-005,,,,,,,,,
post,p-050,,,,,,,,,,,,,,,,,,u-005,cat-004,published,,,,,,repellendus-qui,,,,,repellendus qui recusandae incidunt voluptates tenetur,error suscipit maxime adipisci consequuntur recusandae,167,public,2987,145,5,2023-06-13T11:00:00Z,2023-06-13T11:00:00Z,tag-007,,,,,,,,,
comment,c-001,,,,,,,,,,,,,,,,,,p-001,,visible,,,,,,,,,,,,,,,23,2023-01-15T12:30:00Z,,Eliseo@gardner.biz,Eliseo Gardner,laudantium enim quasi est quidem magnam voluptate ipsam eos tempora quo necessitatibus dolor quam autem quasi reiciendis,positive,,,,,
comment,c-002,,,,,,,,,,,,,,,,,,p-001,,visible,,,,,,,,,,,,,,,12,2023-01-15T14:45:00Z,,Jayne_Kuhic@sydney.com,Jayne Kuhic,est natus enim nihil est dolore omnis voluptatem numquam et omnis occaecati quod ullam at voluptatem error,neutral,,,,,
comment,c-003,,,,,,,,,,,,,,,,,,p-001,,visible,,,,,,,,,,,,,,,5,2023-01-16T09:00:00Z,,Nikita@garfield.biz,Nikita Garfield,quia molestiae reprehenderit quasi aspernatur aut expedita occaecati aliquam eveniet laudantium omnis quibusdam,negative,,,,,
comment,c-004,,,,,,,,,,,,,,,,,,p-001,,visible,,,,,,,,,,,,,,,8,2023-01-16T10:15:00Z,,Lew@alysha.tv,Lew Alysha,non et atque occaecati deserunt quas accusantium unde odit nobis qui voluptatem quia voluptas consequuntur,neutral,c-003,,,,
comment,c-005,,,,,,,,,,,,,,,,,,p-001,,visible,,,,,,,,,,,,,,,15,2023-01-16T11:30:00Z,,Hayden@althea.biz,Hayden Althea,harum non quasi et ratione tempore iure ex voluptates in ratione harum architecto fugit inventore,positive,,,,,
comment,c-006,,,,,,,,,,,,,,,,,,p-002,,visible,,,,,,,,,,,,,,,18,2023-01-18T16:00:00Z,,Presley.Mueller@myrl.com,Presley Mueller,doloribus at sed quis culpa deserunt consectetur qui praesentium accusamus fugiat dicta voluptatem rerum,neutral,,,,,
comment,c-007,,,,,,,,,,,,,,,,,,p-002,,visible,,,,,,,,,,,,,,,21,2023-01-19T08:30:00Z,,Dallas@ole.me,Dallas Ole,maiores sed dolores similique labore et inventore et quasi temporibus esse sunt id et eos voluptatem,positive,,,,,
comment,c-008,,,,,,,,,,,,,,,,,,p-002,,hidden,,,,,,,,,,,,,,,3,2023-01-19T10:45:00Z,,Mallory_Kunze@marie.org,Mallory Kunze,ut voluptatem corrupti velit ad voluptatem maiores et nisi velit vero accusamus maiores voluptates,negative,,,,,
comment,c-009,,,,,,,,,,,,,,,,,,p-002,,visible,,,,,,,,,,,,,,,9,2023-01-19T12:00:00Z,,Meghan_Littel@rene.us,Meghan Littel,sapiente assumenda molestiae atque adipisci laborum distinctio aperiam et ab ut omnis et occaecati,neutral,c-008,,,,
comment,c-010,,,,,,,,,,,,,,,,,,p-002,,visible,,,,,,,,,,,,,,,14,2023-01-19T14:15:00Z,,Carmen_Keeling@caroline.name,Carmen Keeling,voluptate iusto quis nobis reprehenderit ipsum amet nulla quia quas dolores velit et non aut quia,positive,,,,,
comment,c-011,,,,,,,,,,,,,,,,,,p-003,,visible,,,,,,,,,,,,,,,27,2023-01-22T10:30:00Z,,Veronica_Goodwin@timmothy.net,Veronica Goodwin,ut dolorum nostrum id quia aut est fuga est inventore vel eligendi explicabo quis,positive,,,,,
comment,c-012,,,,,,,,,,,,,,,,,,p-003,,visible,,,,,,,,,,,,,,,11,2023-01-22T12:45:00Z,,Oswald.Vandervort@leanne.org,Oswald Vandervort,expedita maiores dignissimos facilis ipsum est rem est fugit velit sequi eum odio dolores,neutral,,,,,
comment,c-013,,,,,,,,,,,,,,,,,,p-003,,visible,,,,,,,,,,,,,,,4,2023-01-23T08:00:00Z,,Kariane@jadyn.tv,Kariane Jadyn,fuga eos qui dolor rerum inventore corporis exercitationem corporis cupiditate et deserunt,negative,,,,,
comment,c-014,,,,,,,,,,,,,,,,,,p-003,,visible,,,,,,,,,,,,,,,16,2023-01-23T09:15:00Z,,Nathan@solon.io,Nathan Solon,vel quae voluptas qui exercitationem voluptatibus unde sed minima et qui ipsam aspernatur,positive,c-013,,,,
comment,c-015,,,,,,,,,,,,,,,,,,p-003,,visible,,,,,,,,,,,,,,,7,2023-01-23T10:30:00Z,,Maynard.Hodkiewicz@roberta.com,Maynard Hodkiewicz,nihil ut voluptates blanditiis autem odio dicta rerum quisquam saepe et est sunt quasi nemo,neutral,,,,,
comment,c-016,,,,,,,,,,,,,,,,,,p-004,,visible,,,,,,,,,,,,,,,19,2023-01-25T18:00:00Z,,Christine@ayana.info,Christine Ayana,iste ut laborum aliquid velit facere itaque quo ut soluta dicta voluptate error tempore,positive,,,,,
comment,c-017,,,,,,,,,,,,,,,,,,p-004,,visible,,,,,,,,,,,,,,,10,2023-01-26T08:15:00Z,,Preston_Hudson@blaise.tv,Preston Hudson,consequatur necessitatibus totam sed sit dolorum recusandae quae odio excepturi voluptatum,neutral,,,,,
comment,c-018,,,,,,,,,,,,,,,,,,p-004,,visible,,,,,,,,,,,,,,,2,2023-01-26T10:30:00Z,,Vincenza_Klocko@albertha.name,Vincenza Klocko,veritatis voluptates necessitatibus maiores corrupti neque et exercitationem amet sit et ullam velit,negative,,,,,
comment,c-019,,,,,,,,,,,,,,,,,,p-004,,visible,,,,,,,,,,,,,,,6,2023-01-26T12:45:00Z,,Madelynn.Gorczany@darion.biz,Madelynn Gorczany,doloribus est illo sed minima aperiam ut dignissimos accusantium tempore atque et aut,neutral,c-018,,,,
comment,c-020,,,,,,,,,,,,,,,,,,p-004,,visible,,,,,,,,,,,,,,,13,2023-01-26T14:00:00Z,,Mariana_Orn@preston.org,Mariana Orn,qui harum consequatur fugiat et eligendi perferendis at molestiae commodi ducimus doloremque,positive,,,,,
comment,c-021,,,,,,,,,,,,,,,,,,p-005,,visible,,,,,,,,,,,,,,,25,2023-01-28T13:15:00Z,,Noemie@marques.me,Noemie Marques,deleniti aut sed molestias explicabo commodi odio ratione nesciunt voluptate doloremque est,positive,,,,,
comment,c-022,,,,,,,,,,,,,,,,,,p-005,,visible,,,,,,,,,,,,,,,17,2023-01-28T15:30:00Z,,Khalil@emile.co.uk,Khalil Emile,qui ipsa animi nostrum praesentium voluptatibus odit qui non impedit cum qui nostrum aliquid,neutral,,,,,
comment,c-023,,,,,,,,,,,,,,,,,,p-005,,visible,,,,,,,,,,,,,,,22,2023-01-29T08:45:00Z,,Sophia@arianna.co.uk,Sophia Arianna,voluptates provident repellendus iusto perspiciatis ex fugiat ut ut dolor nam aliquid et expedita,positive,,,,,
comment,c-024,,,,,,,,,,,,,,,,,,p-005,,visible,,,,,,,,,,,,,,,4,2023-01-29T10:00:00Z,,Jeffery@juwan.us,Jeffery Juwan,repudiandae repellat quia sequi est dolore explicabo nihil et et sit et et praesentium,negative,c-023,,,,
comment,c-025,,,,,,,,,,,,,,,,,,p-005,,visible,,,,,,,,,,,,,,,9,2023-01-29T11:15:00Z,,Isaias_Kuhic@jarrett.net,Isaias Kuhic,sunt aut quae laboriosam sit ut impedit adipisci harum laborum totam deleniti voluptas,neutral,,,,,
comment,c-026,,,,,,,,,,,,,,,,,,p-006,,visible,,,,,,,,,,,,,,,20,2023-02-01T10:45:00Z,,Russel.Parker@kameron.io,Russel Parker,incidunt sapiente eaque dolor eos ad est molestias quas sit et nihil exercitationem,positive,,,,,
comment,c-027,,,,,,,,,,,,,,,,,,p-006,,visible,,,,,,,,,,,,,,,12,2023-02-01T13:00:00Z,,Francesco.Gleason@nella.us,Francesco Gleason,nisi vel quas ut laborum ratione rerum magni eum unde et voluptatem saepe voluptas,neutral,,,,,
comment,c-028,,,,,,,,,,,,,,,,,,p-006,,visible,,,,,,,,,,,,,,,16,2023-02-02T08:15:00Z,,Ronny@rosina.org,Ronny Rosina,voluptatem repellendus quo alias at laudantium mollitia quidem esse temporibus consequuntur,positive,,,,,
comment,c-029,,,,,,,,,,,,,,,,,,p-006,,visible,,,,,,,,,,,,,,,3,2023-02-02T10:30:00Z,,Jennings_Pouros@erica.biz,Jennings Pouros,tempora voluptatem est magnam distinctio autem est dolorem et ipsa molestiae odit rerum,negative,c-028,,,,
comment,c-030,,,,,,,,,,,,,,,,,,p-006,,visible,,,,,,,,,,,,,,,8,2023-02-02T12:45:00Z,,Lurline@marvin.biz,Lurline Marvin,consequuntur quia voluptate assumenda et autem voluptatem reiciendis ipsum animi est provident,neutral,,,,,
comment,c-031,,,,,,,,,,,,,,,,,,p-007,,visible,,,,,,,,,,,,,,,24,2023-02-04T15:30:00Z,,Buford@shaylee.biz,Buford Shaylee,quia incidunt ut aliquid est ut rerum deleniti iure est ipsum quia ea sint et,positive,,,,,
comment,c-032,,,,,,,,,,,,,,,,,,p-007,,visible,,,,,,,,,,,,,,,14,2023-02-05T08:00:00Z,,Maria@laurel.name,Maria Laurel,nihil ea itaque libero illo officiis quo quo dicta inventore consequatur voluptas,neutral,,,,,
comment,c-033,,,,,,,,,,,,,,,,,,p-007,,visible,,,,,,,,,,,,,,,18,2023-02-05T10:15:00Z,,Jaeden.Towne@arlene.tv,Jaeden Towne,fugit harum quae vero libero unde tempore soluta eaque culpa sequi quibusdam nulla id,positive,,,,,
comment,c-034,,,,,,,,,,,,,,,,,,p-007,,visible,,,,,,,,,,,,,,,5,2023-02-05T12:30:00Z,,Ethelyn.Schneider@emelia.co.uk,Ethelyn Schneider,omnis temporibus quasi ab omnis facilis et omnis illum quae quasi aut minus iure,negative,c-033,,,,
comment,c-035,,,,,,,,,,,,,,,,,,p-007,,visible,,,,,,,,,,,,,,,7,2023-02-05T14:45:00Z,,Georgianna@florence.io,Georgianna Florence,dolor mollitia quidem facere et vel est ut ut repudiandae est quidem dolorem sed atque,neutral,,,,,
comment,c-036,,,,,,,,,,,,,,,,,,p-008,,visible,,,,,,,,,,,,,,,21,2023-02-07T12:00:00Z,,Raheem_Heaney@gretchen.biz,Raheem Heaney,aut vero est dolor non aut excepturi dignissimos illo nisi aut quas aut magni,positive,,,,,
comment,c-037,,,,,,,,,,,,,,,,,,p-008,,visible,,,,,,,,,,,,,,,11,2023-02-07T14:15:00Z,,Jacky@victoria.net,Jacky Victoria,qui rem amet aut cumque maiores earum ut quia sit nam esse qui iusto aspernatur,neutral,,,,,
comment,c-038,,,,,,,,,,,,,,,,,,p-008,,visible,,,,,,,,,,,,,,,15,2023-02-08T08:30:00Z,,Piper@linwood.us,Piper Linwood,unde voluptatem qui dicta vel ad aut eos error consequatur voluptatem adipisci doloribus,positive,,,,,
comment,c-039,,,,,,,,,,,,,,,,,,p-008,,visible,,,,,,,,,,,,,,,4,2023-02-08T10:45:00Z,,Gaylord@russell.net,Gaylord Russell,atque consequatur dolorem sunt adipisci autem et voluptatibus et quae necessitatibus rerum,negative,c-038,,,,
comment,c-040,,,,,,,,,,,,,,,,,,p-008,,visible,,,,,,,,,,,,,,,9,2023-02-08T13:00:00Z,,Clare.Aufderhar@nicole.ca,Clare Aufderhar,quod minus alias quos perferendis labore molestias quae ut ut corporis deserunt vitae,neutral,,,,,
comment,c-041,,,,,,,,,,,,,,,,,,p-009,,visible,,,,,,,,,,,,,,,26,2023-02-10T17:15:00Z,,Lucio@gladys.tv,Lucio Gladys,facere repudiandae vitae ea aut sed quo ut et facere nihil ut voluptates in,positive,,,,,
comment,c-042,,,,,,,,,,,,,,,,,,p-009,,visible,,,,,,,,,,,,,,,13,2023-02-11T08:30:00Z,,Shemar@ewell.name,Shemar Ewell,aut culpa quaerat veritatis eos debitis aut repellat eius explicabo et officiis quo,neutral,,,,,
comment,c-043,,,,,,,,,,,,,,,,,,p-009,,visible,,,,,,,,,,,,,,,19,2023-02-11T10:45:00Z,,Jackeline@eva.tv,Jackeline Eva,voluptatem ut possimus laborum quae ut commodi delectus in et consequatur in voluptas,positive,,,,,
comment,c-044,,,,,,,,,,,,,,,,,,p-009,,visible,,,,,,,,,,,,,,,6,2023-02-11T13:00:00Z,,Marianna_Wilkinson@rupert.io,Marianna Wilkinson,qui sunt commodi sint vel optio vitae quis qui non distinctio id quasi modi,negative,c-043,,,,
comment,c-045,,,,,,,,,,,,,,,,,,p-009,,visible,,,,,,,,,,,,,,,10,2023-02-11T15:15:00Z,,Marcia@name.biz,Marcia Name,ipsum odio harum voluptatem sunt cumque et dolores nihil laboriosam neque commodi qui est,neutral,,,,,
comment,c-046,,,,,,,,,,,,,,,,,,p-010,,visible,,,,,,,,,,,,,,,23,2023-02-13T09:45:00Z,,Jeremy.Harann@waino.me,Jeremy Harann,exercitationem et id quae cum omnis voluptatibus accusantium et quidem ut ipsam sint,positive,,,,,
comment,c-047,,,,,,,,,,,,,,,,,,p-010,,visible,,,,,,,,,,,,,,,12,2023-02-13T12:00:00Z,,Pearlie.Kling@sandy.com,Pearlie Kling,occaecati laudantium ratione non cumque earum quod non enim soluta nisi velit similique,neutral,,,,,
comment,c-048,,,,,,,,,,,,,,,,,,p-010,,visible,,,,,,,,,,,,,,,17,2023-02-14T08:15:00Z,,Manuela_Stehr@chelsie.tv,Manuela Stehr,illum et alias quidem magni voluptatum ab soluta ea qui saepe corrupti hic et,positive,,,,,
comment,c-049,,,,,,,,,,,,,,,,,,p-010,,visible,,,,,,,,,,,,,,,5,2023-02-14T10:30:00Z,,Camryn.Weimann@doris.io,Camryn Weimann,id est iure occaecati quam similique enim ab repudiandae non illum expedita quam,negative,c-048,,,,
comment,c-050,,,,,,,,,,,,,,,,,,p-010,,visible,,,,,,,,,,,,,,,8,2023-02-14T12:45:00Z,,Kiana_Predovic@yasmin.io,Kiana Predovic,eum accusamus aut delectus architecto blanditiis quia sunt rerum harum sit quos quia,neutral,,,,,
metric,m-001,,,,,,,,,,,,,,,,,,p-001,,,,,,,,,,,,,,,,,,,,,,,,,,0.0523,0.3245,"123,145,89,67,45,34,28,56,178,234,312,289,267,245,223,198,176,156,134,112,98,87,76,65","12,15,8,6,4,3,2,5,17,23,31,28"
metric,m-002,,,,,,,,,,,,,,,,,,p-002,,,,,,,,,,,,,,,,,,,,,,,,,,0.0481,0.2987,"98,112,134,156,178,189,201,223,245,267,289,312,298,276,254,232,210,188,166,144,122,100,88,76","9,11,13,15,17,18,20,22,24,26,28,31"
metric,m-003,,,,,,,,,,,,,,,,,,p-003,,,,,,,,,,,,,,,,,,,,,,,,,,0.0456,0.3567,"45,56,67,78,89,98,112,123,134,145,156,167,156,145,134,123,112,98,89,78,67,56,45,34","4,5,6,7,8,9,11,12,13,14,15,16"
metric,m-005,,,,,,,,,,,,,,,,,,p-005,,,,,,,,,,,,,,,,,,,,,,,,,,0.0549,0.2876,"178,198,223,245,267,289,312,334,356,378,398,412,398,378,356,334,312,289,267,245,223,198,178,156","17,19,22,24,26,28,31,33,35,37,39,41"
metric,m-009,,,,,,,,,,,,,,,,,,p-009,,,,,,,,,,,,,,,,,,,,,,,,,,0.0512,0.2654,"234,267,298,323,356,389,412,445,478,512,534,556,534,512,478,445,412,389,356,323,298,267,234,198","23,26,29,32,35,38,41,44,47,51,53,55"
metric,m-013,,,,,,,,,,,,,,,,,,p-013,,,,,,,,,,,,,,,,,,,,,,,,,,0.0512,0.3123,"156,178,198,223,245,267,289,312,323,334,345,356,345,334,323,312,289,267,245,223,198,178,156,134","15,17,19,22,24,26,28,31,32,33,34,35"
metric,m-021,,,,,,,,,,,,,,,,,,p-021,,,,,,,,,,,,,,,,,,,,,,,,,,0.0498,0.3234,"112,134,156,178,198,212,234,256,278,298,312,323,312,298,278,256,234,212,198,178,156,134,112,98","11,13,15,17,19,21,23,25,27,29,31,32"
metric,m-031,,,,,,,,,,,,,,,,,,p-031,,,,,,,,,,,,,,,,,,,,,,,,,,0.0512,0.2987,"167,189,212,234,256,278,298,312,334,356,378,398,378,356,334,312,298,278,256,234,212,189,167,145","16,18,21,23,25,27,29,31,33,35,37,39"
metric,m-041,,,,,,,,,,,,,,,,,,p-041,,,,,,,,,,,,,,,,,,,,,,,,,,0.0481,0.3123,"145,167,189,212,234,256,278,298,312,323,334,345,334,323,312,298,278,256,234,212,189,167,145,123","14,16,18,21,23,25,27,29,31,32,33,34"
metric,m-049,,,,,,,,,,,,,,,,,,p-049,,,,,,,,,,,,,,,,,,,,,,,,,,0.0514,0.2765,"198,223,245,267,289,312,334,356,378,398,412,423,412,398,378,356,334,312,289,267,245,223,198,176","19,22,24,26,28,31,33,35,37,39,41,42"
